Angel's Reverie	2026-05-20	2026-06-09	https://img.game8.co/4503375/40c8c9e81a7ef12e0f80357f8ca47051.png/show
Rubedo, of White Stone Born	2026-05-20	2026-06-09	https://img.game8.co/4503376/d6e67ac85b38c125d57f01b48bc48cd7.png/show
Frostedge Nocturne	2026-06-09	2026-06-30	https://img.game8.co/4522801/bad8302a7958bb124c2e93963b7b5c20.png/show
Ancient Flame Ablaze	2026-06-09	2026-06-30	https://img.game8.co/4522803/a130452384ed31c3e3313e5ca3f8e769.png/show
Ya-hoho! Compendium	2026-04-08	2026-04-28	https://img.game8.co/4460571/7120c65ea7959e66956690c0314f5bf7.png/show
Piercing Shot's Crimson Wake	2026-04-08	2026-04-28	https://img.game8.co/4460577/0ebce957da58b7d4b57e448f7b6e5373.png/show
Moonsong of the Groves	2026-04-28	2026-05-19	https://img.game8.co/4477180/39a2b695b06179a1c5aae67e6c48c9b8.png/show
Temptation of the Crimson Sands	2026-04-28	2026-05-19	https://img.game8.co/4477179/bf2c0033f6e28632d91b5a482b0bf46b.png/show
The Northerly Wind's Song of Triumph	2026-02-25	2026-03-17	https://img.game8.co/4422116/c0efe445a4e6db4393c5b7024b13a28a.png/show
The Lone Light Knocks at Night	2026-02-25	2026-03-17	https://img.game8.co/4422115/a0caf406b9df5863cf3032520f69a308.png/show
Void Star's Advent	2026-03-17	2026-04-07	https://img.game8.co/4437937/119c0a03178420f7a866ef3ed0ea73dc.png/show
La Chanson Cerise	2026-03-17	2026-04-07	https://img.game8.co/4437939/76355e979aa64b89e5500895de9e84e8.png/show
Harmonious Abundance	2026-02-03	2026-02-25	https://img.game8.co/4382672/dd3608e74969632a808c665831ecfa8e.png/show
Decree of the Deep	2026-02-03	2026-02-25	https://img.game8.co/4382670/bfd2137eacbaecfc3939053f94e8a4df.png/show
The Lone Light Knocks at Night	2025-09-30	2025-10-21	https://img.game8.co/4289522/0a75daa6cf27a9a5bd0d13fe03da4492.jpeg/show
Discerner of Enigmas	2025-09-30	2025-10-21	https://img.game8.co/4289524/fe8ddea3b9171072a4b95b481b7a1d53.jpeg/show
Astral Actuation	2025-07-30	2025-08-19	https://img.game8.co/4231214/cd301876261c4698348971a9b5266eea.png/show
Starry Night's Whispers	2025-07-30	2025-08-19	https://img.game8.co/4231213/5b624222dfd5c6ee45142ebd60e7007a.png/show
Void Star's Advent	2025-06-18	2025-07-08	https://img.game8.co/4197155/0174c6fff0156aef69b3c70ccaa06a2b.png/show
The Transcendent One Returns	2025-06-18	2025-07-08	https://img.game8.co/4197156/46c75ecac67b80c64b4c8ff4c42c3dc3.png/show
Ancient Flame Ablaze	2025-07-08	2025-07-29	https://img.game8.co/4211395/4e36cbc5963e635fbfdddf5a88a8f996.png/show
Ambrosial Essence	2025-07-08	2025-07-29	https://img.game8.co/4211394/e3889264c5db22b683972a77817d1c8c.png/show
La Chanson Cerise	2025-05-07	2025-05-27	https://img.game8.co/4164268/4c848649fe867a74d446d7df1450e9c0.png/show
In the Name of the Rosula	2025-05-07	2025-05-27	https://img.game8.co/4164266/47ec6423054a237face8975e6112468f.png/show
Seeker of Flame-Wrought Secrets	2025-05-27	2025-06-17	https://img.game8.co/4176986/667650b111fd02d9eabfd0cef10eed78.png/show
Reign of Serenity	2025-05-27	2025-06-17	https://img.game8.co/4176987/117b516a3c4f4d09943af61db9063187.png/show
Cornucopia of Contention	2025-03-26	2025-04-15	https://img.game8.co/4136963/27756bafd63eac6c5adb34e1be2099f1.png/show
The Crane Soars Skyward	2025-03-26	2025-04-15	https://img.game8.co/4136964/dc88f1d7d2c7a7f9c1e2706047d8336a.png/show
Forgefire's Blessing	2025-04-15	2025-05-06	https://img.game8.co/4150557/72c6622496c39aae86a8783aac588252.png/show
Ballad in Goblets	2025-04-15	2025-05-06	https://img.game8.co/4150559/1be44c679e02319f80178b702482a9d7.png/show
Dawn's Drifting Reverie	2025-02-12	2025-03-04	https://img.game8.co/4103941/98385ba20e97470f755df64e421078da.png/show
Romaritime Meluserenity	2025-02-12	2025-03-04	https://img.game8.co/4103942/462d8771c05dda0186fe335a6bf1fdfe.png/show
Chanson of Many Waters	2025-03-04	2025-03-25	https://img.game8.co/4117993/cbecc35c9d93dd03a79dfe20c8216598.png/show
Tempestuous Destiny	2025-03-04	2025-03-25	https://img.game8.co/4117992/70379bccf830f77d8a13a4e1cb6eae03.png/show
Ancient Flame Ablaze	2025-01-01	2025-01-21	https://img.game8.co/4074833/48dfeb615ef0915c55392ab0c43e3ebb.png/show
Starry Night's Whispers	2025-01-01	2025-01-21	https://img.game8.co/4074830/160a2c9c23c34d3b2274677efdbc4800.png/show
The Hearth's Ashen Shadow	2025-01-21	2025-02-11	https://img.game8.co/4074835/ffa71c8b5ad5e4166bff81404b239344.png/show
Illuminating Lightning	2025-01-21	2025-02-11	https://img.game8.co/4074832/0eaf83894f8917b69e7eac733707a054.png/show
Piercing Shot's Crimson Wake	2024-11-20	2024-12-10	https://img.game8.co/4043959/76a1b2e6cf7ff5eca89fd3d7d60fd637.png/show
Conjuring Chiaroscuro	2024-11-20	2024-12-10	https://img.game8.co/4043961/c3d32c1e19b8bf360f62608b0e78fb3a.png/show
Decree of the Deeps	2024-12-10	2024-12-31	https://img.game8.co/4057104/17b900d122841ce06481645c2e8cb4f8.png/show
Gentry of Hermitage	2024-12-10	2024-12-31	https://img.game8.co/4057103/3460a6fd5a558c9b25e9ffad5208bb18.png/show
Forgefire's Blessing	2024-10-09	2024-10-29	https://img.game8.co/4009743/83234d1e4acf5909be7bbdd5361ab53a.png/show
Of Silken Clouds Woven	2024-10-09	2024-10-29	https://img.game8.co/4009745/8715779d393cf5ab8a0925149d9b8989.png/show
The Moongrass' Enlightenment	2024-10-29	2024-11-19	https://img.game8.co/4024704/ac9664d5bb5afb1e4145f839973b86ed.png/show
Moment of Bloom	2024-10-29	2024-11-19	https://img.game8.co/4024702/1b2655d44183a5b2b1a61d9c5bdcf544.png/show
Sharktacular Surfari	2024-08-28	2024-09-17	https://img.game8.co/3968526/505298892073c813b9e8dded2ad0dd2f.png/show
Leaves in the Wind	2024-08-28	2024-09-17	https://img.game8.co/3968525/77f9442b4000e401ad2ff0dd17e46c8b.png/show
Seeker of Flame-Wrought Secrets	2024-09-17		https://img.game8.co/3989059/d674f61913e8f0fdb52cede1ba75eeb1.png/show
Reign of Serenity	2024-09-17		https://img.game8.co/3989058/3c42144027e4c018963882a27b7ca9dc.png/show
In the Name of the Rosula	2024-07-17	2024-08-06	https://img.game8.co/3933785/f80d5e74f1598fcdce558f099cec4277.png/show
Twirling Lotus	2024-07-17	2024-08-06	https://img.game8.co/3933786/31b01e684e170e7d1045dc41c468fbcf.png/show
Ambrosial Essence=	2024-08-06	2024-08-27	https://img.game8.co/3944351/9fa1b56000f4db04a40e76b92919795e.png/show
Discerner of Enigmas	2024-08-06	2024-08-27	https://img.game8.co/3944350/4a6bdba6f71ffeacc88ad5198c1ce029.png/show
Caution in Confidence	2024-06-05	2024-06-25	https://img.game8.co/3900883/81404dcfaab7f20389a84a59f50b341c.png/show
Illuminating Lightning	2024-06-05	2024-06-25	https://img.game8.co/3900882/bd0d1747d181c5d1dd4dbcf2caef0373.png/show
Romaritime Meluserenity	2024-06-25	2024-07-16	https://img.game8.co/3912286/aca89f16cc922304641c9893e839431e.png/show
Chanson of Many Waters	2024-06-25	2024-07-16	https://img.game8.co/3912287/6c42b7a2fb38bd375dfcbf5d8a82b682.png/show
From Ashes Reborn	2024-05-14	2024-06-04	https://img.game8.co/3882744/47b20110f5bc4a430c2baf08c749e4cb.png/show
Immaculate Pulse	2024-05-14	2024-06-04	https://img.game8.co/3882742/7e7869ae901209a05fab8f0042e095cd.png/show
Of Silken Clouds Woven	2024-03-13	2024-04-02	https://img.game8.co/3854089/615536693b9ed117c4eeebbaadf7d17e.png/show
Oni's Royale	2024-03-13	2024-04-02	https://img.game8.co/3854086/43ce0fa1ee38612a989aba5a732e419e.png/show
Decree of the Deeps	2024-04-02	2024-04-23	https://img.game8.co/3863007/512c35684b17378f84fefbd0eac8c4d0.png/show
Leaves in the Wind	2024-04-02	2024-04-23	https://img.game8.co/3863006/84c5352f691dbdf7216a67615d502603.png/show
The Crane Soars Skyward	2024-01-31	2024-02-20	https://img.game8.co/3829194/1f308a2f9e9111e31824c0b151a0493b.png/show
The Moongrass' Enlightenment	2024-01-31	2024-02-20	https://img.game8.co/3829195/3a8dfe4a8082e8e51ef461d8088ab6e5.png/show
Invitation to Mundane Life	2024-02-20	2024-03-12	https://img.game8.co/3829999/6d2ab951523753169177364e15eeb06c.png/show
Everbloom Violet	2024-02-20	2024-03-12	https://img.game8.co/3830001/e00827521cf790ee0ccacb37c353781b.png/show
In the Name of the Rosula	2023-12-20	2024-01-09	https://img.game8.co/3811428/842ec2c0f700fae1879dc93724107a8a.png/show
The Heron's Court	2023-12-20	2024-01-09	https://img.game8.co/3811429/401bfbb9bbbf830ccc555665bd169790.png/show
Reign of Serenity	2024-01-09	2024-01-30	https://img.game8.co/3815384/1678ebb614c61a6d00ba62bd8ec39588.png/show
Tapestry of Golden Flames	2024-01-09	2024-01-30	https://img.game8.co/3815385/e12202c52e8f5748bf2885e3b3cee14d.png/show
Chanson of Many Waters	2023-11-09	2023-11-28	https://img.game8.co/3790839/6e9c3463f55b1ed3b34faa77fe508743.png/show
Immaculate Pulse	2023-11-09	2023-11-28	https://img.game8.co/3790840/9af153a4c785ae08c8d7b8252927f3d4.png/show
Twilight Arbiter	2023-11-28	2023-12-19	https://img.game8.co/3801946/194b2366eacd708d655ca3bb286d0a26.png/show
Azure Excursion	2023-11-28	2023-12-19	https://img.game8.co/3801947/7d39af82be8ec85d1d90f271b5eb82c4.png/show
Decree of the Deeps	2023-09-27	2023-10-17	https://img.game8.co/3769510/4fcb6c970d0e8451d5812e18ff9e0e9d.png/show
Moment of Bloom	2023-09-27	2023-10-17	https://img.game8.co/3769509/77327ebd48db0d96faf660460b26442f.png/show
Tempestuous Destiny	2023-10-17	2023-11-07	https://img.game8.co/3780374/843ba5f48ef4348a3cff274d2fb43616.png/show
Ballad in Goblets	2023-10-17	2023-11-07	https://img.game8.co/3780373/03bd62c7451de9fe4c524ca787b4d303.png/show
Conjuring Chiaroscuro	2023-08-16	2023-09-05	https://img.game8.co/3749601/c2c6af54053d36d0e1ca681d5ab0e941.png/show
Discerner of Enigmas	2023-08-16	2023-09-05	https://img.game8.co/3749602/48ef5755d669ced258c44f902b8f9f83.png/show
Gentry of Hermitage	2023-09-05	2023-09-26	https://img.game8.co/3755512/c7f7c2e41d3d52e21bbcf265432f8486.png/show
Farewell of Snezhnaya	2023-09-05	2023-09-26	https://img.game8.co/3755511/b498ca07d8d968a86e669692b1816dd2.png/show
Drifting Luminescence	2023-07-25	2023-08-15	https://img.game8.co/3738840/708ad754d331c1d0d4958c2dcce7572c.png/show
From Ashes Reborn	2023-07-25	2023-08-15	https://img.game8.co/3738839/84701a00e871d1a28a761671f099bbaa.png/show
Tapestry of Golden Flames	2023-10-17	2023-11-07	https://img.game8.co/3707026/1877cc7980832e6c6b347855631f71f8.png/show
Everbloom Violet	2023-10-17	2023-11-07	https://img.game8.co/3707025/81f5b05e1fc7cf9f6dafd634fb662b16.png/show
Immaculate Pulse	2023-05-02	2023-05-23	https://img.game8.co/3681058/66043fbf98180ee437d6e0c814a8cc2f.png/show
Adrift in the Harbor	2023-05-02	2023-05-23	https://img.game8.co/3681057/75353a0b81cab4676c9dd49bb3d3800b.png/show
Dewlit Tranquility	2026-04-28	2026-05-19	https://img.game8.co/4456727/84d66761d0bcde5b8f5859334bcc8c8e.png/show
6.4 Ode to the Dawn Breeze	2025-02-25	2025-03-17	https://img.game8.co/4415167/e9e8552dda995e04f4e24c4d949a8d05.png/show
Roving Chalice of Dewgrass	2025-09-10	2025-09-30	https://img.game8.co/4272134/a201213c2df002a41685d0e37744ecf0.png/show
Thunder Rends the Plains on High	2025-05-27	2025-06-17	https://img.game8.co/4176984/26c73b9af0d7aa5e17ea153c837494a8.png/show
Remembrance of Jade and Stone	2025-01-21	2025-02-11	https://img.game8.co/4074836/03797a8ef2d698327e7dea43ba7db4f5.png/show
Ode to the Dawn Breeze	2024-03-13	2024-04-02	https://img.game8.co/3854036/802b5656bd42f0074b54031b1972118c.png/show
Phase 2	2026-06-09	2026-06-30	https://img.game8.co/4522802/bf2855cecd3db3b5fca3197e62117fa5.png/show
Phase 1	2026-05-20	2026-06-09	https://img.game8.co/4503377/8cfe0d96ee578a2519fc13edf0822e7e.png/show
Phase 2	2025-04-28	2026-05-20	https://img.game8.co/4477178/bdd4efe4d7ff0a0598f40361a727bf76.png/show
Phase 1	2026-04-08	2026-04-28	https://img.game8.co/4460594/acf8a80e45270d874c8610f7b77b3b6c.png/show
Phase 2	2025-03-17	2026-04-07	https://img.game8.co/4437938/bf6c4ce1d070a2b484077d88333b7d32.png/show
Phase 1	2026-02-25	2026-03-17	https://img.game8.co/4422117/1d34dfd0e20283c7bee21a87fcf9c0e9.png/show
Phase 2	2026-02-03	2026-02-25	https://img.game8.co/4382749/b54a3aa806180fcff0b16bbc05fff813.png/show
Phase 1	2026-01-14	2026-02-03	https://img.game8.co/4382740/970ba4925b8b3d866524cfa2fe1a5af5.png/show
Phase 2	2025-12-23	2026-01-13	https://img.game8.co/4370979/2ffc60b7ac1542dbaa79064aa0a8a0d8.png/show
Phase 2	2025-07-08	2025-07-29	https://img.game8.co/4211396/d4dd358a03c49ccf2048455d5934b240.png/show
Phase 1	2025-06-18	2025-07-08	https://img.game8.co/4197157/6d731ddf1f9e285d612df31b5c03ef5f.png/show
Phase 2	2025-05-27	2025-06-17	https://img.game8.co/4176985/3fada8f268d00d88eb4ecbc3ac6648c9.png/show
Phase 1	2025-05-07	2025-05-27	https://img.game8.co/4164267/e9c0436b9c66961be5b1509fb1393169.png/show
Phase 2	2025-04-15	2025-05-06	https://img.game8.co/4150558/6059337d53d1c4354496b8165345da83.png/show
Phase 1	2025-03-26	2025-04-15	https://img.game8.co/4136965/b9d39dfd002ef8a64058eb4dda2c12dc.png/show
Phase 2	2025-03-04	2025-03-25	https://img.game8.co/4117994/32411c7d0b1e315c8aec7a45a255c749.png/show
Phase 1	2025-02-12	2025-03-04	https://img.game8.co/4103943/e67dc50393d834b11463fbbb32d29501.png/show
Phase 2	2025-01-21	2025-02-11	https://img.game8.co/4074834/fcbcb9572d740b1135cd3423393b7dc4.png/show
Phase 1	2025-01-01	2025-01-21	https://img.game8.co/4074831/70c1f14bb89e410ccff372b0cd541b5a.png/show
Phase 2	2024-12-10	2024-12-31	https://img.game8.co/4057102/badd78a6b4ef57bf3af594ed029dc76a.png/show
Phase 1	2024-11-20	2024-12-10	https://img.game8.co/4043960/9d4fb24aff55760963d0f274ad270118.png/show
Phase 2	2024-10-29	2024-11-19	https://img.game8.co/4024703/9c98fa0ce3facf0e4a67bea475dce2f1.png/show
Phase 1	2024-10-09	2024-10-29	https://img.game8.co/4009744/4de8ce58d80a1bd8be2df85f4d42c2a4.png/show
Phase 2	2024-09-17	2024-10-08	https://img.game8.co/3988948/706069a56f76bec99c7ac5399f350834.png/show
Phase 1	2024-08-28	2024-09-17	https://img.game8.co/3968527/2324568830679bc2c6ae001fd138c53d.png/show
Phase 2	2024-07-17	2024-08-06	https://img.game8.co/3944352/d08b2dca85d70e218fc49955dfb4a4b7.png/show
Phase 1	2024-08-06	2024-08-27	https://img.game8.co/3933787/0b1efc6983e9a419c793b0358d611c0d.png/show
Phase 2	2024-06-25	2024-07-16	https://img.game8.co/3912285/66763147fb05b655f64181954a41e2c6.png/show
Phase 1	2024-06-05	2024-06-25	https://img.game8.co/3900884/4eaaad7064a067c7912731c14216baac.png/show
Phase 2	2024-05-14	2024-06-04	https://img.game8.co/3882743/b532d197e368d2faebe912bda2f434c8.png/show
Phase 1	2024-04-23	2024-05-14	https://img.game8.co/3871864/26fe7613cd36e515944ee18617afe9bb.png/show
Phase 2	2024-04-02	2024-04-23	https://img.game8.co/3863298/da564b0b91638fc471a4dabbeb3b6b97.png/show
Phase 1	2024-03-12	2024-04-02	https://img.game8.co/3854033/e7cd88c736f90e2fa62d938b7d36ccd8.png/show
Phase 2	2024-02-20	2024-03-12	https://img.game8.co/3845610/82d916abb01077db07d8e7ddcea3951d.png/show
Phase 1	2024-01-30	2024-02-20	https://img.game8.co/3829196/9ed98a24816325b60dd033da24e4c795.png/show
Phase 2	2024-01-09	2024-01-30	https://img.game8.co/3815383/dcddce3f3e2fb97f129f4d755205872d.png/show
Phase 1	2023-12-20	2024-01-09	https://img.game8.co/3811426/35052c8e5b757f1df8b55cfe8a272ba2.png/show
Phase 2	2023-11-28	2023-12-19	https://img.game8.co/3801949/537f0340bb54b3ddc3a91e9441782a86.png/show
Phase 1	2023-11-08	2023-11-28	https://img.game8.co/3790838/25bf1a25b7ca84df9689e5ab02c6586c.png/show
Phase 2	2023-10-17	2023-11-07	https://img.game8.co/3780372/3314d908043971c3f5f4a9909f5952b5.png/show
Phase 1	2023-09-27	2023-10-17	https://img.game8.co/3769508/a351e4556b5398020d9a6c5b67f87895.png/show
Phase 2	2023-09-05	2023-09-26	https://img.game8.co/3755510/83d6b8f0e6bce6585ee41dd875c8cf56.png/show
Phase 2	2023-07-25	2023-08-15	https://img.game8.co/3738837/b8265cf84924c142bde94ed6357aedcb.png/show
Phase 1	2023-07-05	2023-07-25	https://img.game8.co/3731171/616d8e22b87d537ec6eb2c0d5d23d1ed.png/show
Phase 2	2023-06-13	2023-07-04	https://img.game8.co/3722764/fd322306be32e6a71c72b340711b05a2.png/show
Phase 1	2023-05-23	2023-06-13	https://img.game8.co/3707044/801c1f1fb1df8ade75f700eab6e9e83d.png/show
Phase 1	2023-04-12	2023-05-02	https://img.game8.co/3673008/ee9181ca31a0878ab0b28a8661e34889.png/show
Phase 2	2023-03-21	2023-04-11	https://img.game8.co/3661900/9600ce1b5bf77eabeed4f4ea61129eb1.png/show
Phase 1	2023-03-01	2023-03-21	https://img.game8.co/3652933/84abf7b02dbf6772925c8e8e388e9e6a.png/show
Phase 2	2023-02-07	2023-02-28	https://img.game8.co/3632252/665c9c431bdced79e7f3ded10977def0.png/show
Phase 1	2023-01-17	2023-02-07	https://img.game8.co/3631529/981be97caa3ff163686df97eb657f7a2.png/show
Phase 2	2022-12-27	2023-01-17	https://img.game8.co/3626284/1a023094404a5d6d45d77a95572c81d9.png/show
Phase 1	2022-12-07	2022-12-27	https://img.game8.co/3620226/7e7f135c52839dd4e9716ee9ab62064f.png/show
Phase 2	2022-11-18	2022-12-06	https://img.game8.co/3608995/60008aacf3c1b7ee038a78a23f9ae901.png/show
Phase 1	2022-11-02	2022-11-18	https://img.game8.co/3603845/1bfb99b88cecdeecc75df50a0406006c.png/show
Phase 2	2022-10-14	2022-11-01	https://img.game8.co/3594787/e8493a6febbc633c6ab5730721bbd99b.png/show
Phase 1	2022-09-28	2022-10-14	https://img.game8.co/3586697/1a0ee9899623aa7e30cb700a0dd2c04a.png/show
Phase 2	2022-09-09	2022-09-27	https://img.game8.co/3578068/954adc08baea63f5e97f518568abc051.png/show
Phase 1	2022-07-13	2022-08-02	https://img.game8.co/3547287/c0c2c07f1e0958de5d8475657fa67507.png/show
Phase 2	2022-06-21	2022-07-12	https://img.game8.co/3538964/5562ac12b373d41f8dedf097a4b51fad.png/show
Phase 1	2022-05-31	2022-06-21	https://img.game8.co/3531676/74cd18bcbd9f0d74f2769f2fa6cfab53.png/show
Phase 2	2022-04-19	2022-05-31	https://img.game8.co/3517536/3a93361c2e7e69f90e737d18b5b1b1e8.png/show
Phase 2	2022-03-08	2022-03-29	https://img.game8.co/3495433/7ab2f10a2c61f74757a708da4b1cf972.png/show
Phase 1	2022-02-16	2022-03-08	https://img.game8.co/3486275/db13e1db19d798dc5eb1f573ba5ac68d.png/show
Phase 2	2022-01-25	2022-02-15	https://img.game8.co/3463985/4baf6c885be1b059d3291fea3414a093.png/show
Phase 2	2021-11-02	2021-11-23	https://img.game8.co/3441444/f0c653ba4089dbb70478f21c5b3cda63.png/show
Phase 1	2021-10-13	2021-11-02	https://img.game8.co/3431605/eb7e2a41964bb021511b0937ae8274e3.png/show
Phase 1	2021-07-21	2021-08-10	https://img.game8.co/3391080/8e190d9e12be29132bbe20ba18529857.png/show
Phase 2	2021-06-29	2021-07-20	https://img.game8.co/3381886/5584d12ff1106e626ebbf627ae0a08b1.png/show
Phase 1	2021-06-08	2021-06-29	https://img.game8.co/3372746/12bdcc58859a9d72200d20e714b2b9f2.png/show
Phase 2	2021-05-18	2021-06-08	https://img.game8.co/3360269/99e338135a52fb95af0e34ded7bfda4a.png/show